SKU,ITEM
86933412,Pokémon Trading Card Game: Sword & Shield - Silver Tempest Elite Trainer Box
88897908,Pokémon Trading Card Game: Charizard ex Premium Collection
89432668,Pokémon Trading Card Game: Mabosstiff ex Showcase
89952654,2024 Pokémon Paldea Adventure Chest
91619922,Pokémon Trading Card Game: Scarlet & Violet - Surging Sparks Elite Trainer Box
91619929,Pokémon Trading Card Game: Scarlet & Violet - Surging Sparks Booster Bundle
91619936,Pokémon Trading Card Game: Scarlet & Violet - Shrouded Fable Kingambit Illustration Collection
91619959,Pokémon Trading Card Game: Paradox Clash Tin - Iron Leaves ex
91619960,Pokémon Trading Card Game: Scarlet & Violet— Twilight Masquerade Elite Trainer Box
91619962,Pokémon Trading Card Game: Paradox Clash Tin - Walking Wake
91670546,Pokémon Trading Card Game: Tera Team Premium Collection
91670547,Pokémon Trading Card Game: Charizard ex Super-Premium Collection
93803457,Pokémon Trading Card Game: Scarlet & Violet—Prismatic Evolutions Poster Collection
93859727,Pokémon Trading Card Game: Scarlet & Violet— Journey Together Three Booster Blister Yanmega
93859728,Pokémon Trading Card Game: Scarlet & Violet— Journey Together Three Booster Blister Scrafty
93954446,Pokémon Trading Card Game: Scarlet & Violet—Prismatic Evolutions Booster Bundle
94300058,Pokémon Trading Card Game: Scarlet & Violet—Prismatic Evolutions Tech Sticker Collection Sylveon
94300066,Pokémon Trading Card Game: Scarlet & Violet—Prismatic Evolutions Binder Collection
94300067,Pokémon Trading Card Game: Scarlet & Violet— Destined Rivals Booster Bundle
94300074,Pokémon Trading Card Game: Scarlet & Violet— Journey Together Booster Bundle
94300075,Pokémon Trading Card Game: Scarlet & Violet—Prismatic Evolutions Tech Sticker Collection Leafeon
94300080,Pokémon Trading Card Game: Scarlet & Violet—Prismatic Evolutions Tech Sticker Collection Glaceon
94336414,Pokémon Trading Card Game: Scarlet & Violet—Prismatic Evolutions Surprise Box
94300072,Pokémon Trading Card Game: Scarlet & Violet—Prismatic Evolutions Super-Premium Collection
94411686,Pokémon Trading Card Game: Charizard ex Special Collection
94411712,Pokémon Trading Card Game: Cynthia's Garchomp Ex Premium Collection
94636866,Pokémon Trading Card Game: Unova Victini Illustration Collection
94681763,Pokémon Trading Card Game:Mega Latias ex Box
94681773,Pokémon Trading Card Game:Lugia ex & Latias ex Premium Collection
94681776,Pokémon Trading Card Game: Mega Evolution Elite Trainer Box- Lucario
94681777,Pokémon Trading Card Game:Mimikyu ex & Alcremie ex Premium Collection
94681782,Pokémon Trading Card Game: Mega Evolution Booster Bundle
94681784,Pokémon Trading Card Game: Mega Evolution Elite Trainer Box- Gardevoir
94681785,Pokémon Trading Card Game: Scarlet & Violet—[White Flare] Booster Bundle 
94681786,Pokémon Trading Card Game: Mega Evolution Three-Booster Blister- Golduck
94681790,Pokémon Trading Card Game : Charizard X ex Ultra-Premium Collection
94827540,Pokémon Trading Card Game: Archaludon ex & Reshiram ex!
94827546,Pokémon Trading Card Game: Black Kyurem ex & Melmetal ex
94860231,Pokémon Trading Card Game: Mega Evolution— Phantasmal Flames Elite Trainer Box
94884496,Pokémon Trading Card Game: Mega Evolution— Phantasmal Flames Booster Bundle
94884511,Pokémon Trading Card Game : Mega Evolution—Phantasmal Flames Three-Booster Blister - Sneasel
94967002,Pokémon Ikkaku Battle Deck Mega Diancie
94967003,Pokémon kkaku Battle Deck Mega Gengar
95040142,Pokémon Trading Card Game: Mega Evolution—Phantasmal Flames Booster Box
95082118,Pokémon Trading Card Game: Mega Evolution— Ascended Heroes Elite Trainer Box
95082138,Pokémon Trading Card Game : Pokémon Day 2026 Collection
95093981,Pokémon Mega Evolution Ascended Heroes Premium Poster Collection - Lucario
95093982,Pokémon Mega Evolution Ascended Heroes Premium Poster Collection - Gardevoir
95093989,Pokémon Trading Card Game: Mega Evolution— Ascended Heroes First Partners Deluxe Pin Collection
95120822,Pokémon Mega Evolution S2.5 Ascended Heroes Tech Sticker- Gastly
95120834,Pokémon Trading Card Game: Mega Evolution Ascended Heroes Booster Bundle
95138464,Pokémon Trading Card Game: Mega Charizard X Tin
95138474,Pokémon Trading Card Game: Mega Charizard Y Tin
95163305,Pokémon Trading Card Game: Mega EvolutionAscended Heroes Mega Meganium ex Box
95163306,Pokémon Trading Card Game: Mega EvolutionAscended Heroes Mega Feraligatr ex Box
95173525,Pokémon Trading Card Game: Mega Evolution Ascended Heroes Collection Larry
95173527,Pokémon Trading Card Game: Mega Evolution Ascended Heroes Collection Erika
95225595,Pokémon First Partner Illustration Collection S1
95230445,Pokémon Mega Evolution S3 Perfect Order Elite Trainer Box
95230446,Pokémon Mega Evolution S3 Perfect Order 3pk Blaster
95230447,Pokémon Mega Evolution S3 Perfect Order Booster Bundle Box
95252674,Pokémon Trading Card Game: Mega Evolution Perfect Order Booster Box
95267143,Pokémon Trading Card Game: Mega Evolution Chaos Rising Elite Trainer Box
95280894,Pokémon Trading Card Game: Mega Zygarde ex Premium Collection
95298172,Pokémon Trading Card Game: Mega Evolution Chaos Rising Booster Bundle
95298174,Pokémon Trading Card Game: Mega Evolution Chaos Rising Three-Booster Blister
1007935778,Pokémon Mega Evolution S2.5 Ascended Heroes Tech Sticker - Charmander
1008581387,Pokémon Trading Card Game: Mega EvolutionAscended Heroes Mega Emboar ex Box
1010679865,Pokémon Trading Card Game: Mega Evolution Chaos Rising Booster Box
1010892077,Pokémon Trading Card Game: Mega Moonlit Tin- Mega Gengar
1011206804,Pokémon Trading Card Game: Scarlet & Violet—Prismatic Evolutions Elite Trainer Box
1011385025,Pokémon Hop's Zacian EX Box
94766970,One Piece Trading Card Game: Devil Fruit Collection Volume 3
92134549,One Piece Trading Card Game: Devils Fruit Collection S2 Box
89009212,One Piece Trading Card Game: Devils Fruit Collection 1
94171642,One Piece Trading Card Game: Illustration Box Volume 1
94171639,One Piece Trading Card Game: Illustration Box Volume 2
94614995,One Piece Trading Card Game: Illustration Box Volume 3
94614987,One Piece Trading Card Game: Illustration Box Volume 4
88897898,Pokémon Trading Card Game: Scarlet & Violet - 151 Collection - Zapdos ex
89444931,Pokémon Trading Card Game: Scarlet & Violet - 151 Collection - Alakazam ex
89444929,Pokémon Trading Card Game: Scarlet & Violet- 151 Binder Collection
90593717,Pokémon Trading Card Game: Scarlet & Violet— Paldean Fates Tech Sticker Collection Shiny Greavard
89432660,Pokémon Trading Card Game: Scarlet & Violet— Paldean Fates Booster Bundle
89444928,Pokémon Trading Card Game: Scarlet & Violet- 151 Poster Collection
94636860,Pokémon Trading Card Game: Scarlet & Violet— [White Flare] Elite Trainer Box
94681770,Pokémon Trading Card Game: Scarlet & Violet— [Black Bolt] Booster Bundle
94636862,Pokémon Trading Card Game: Scarlet & Violet— [Black Bolt] Elite Trainer Box
88897904,Pokémon Scarlet Violet - 151 Booster Bundle
1011467802,Pokémon Trading Card Game: Scarlet & Violet— Destined Rivals Elite Trainer Box
94864079,Pokémon Trading Card Game: Scarlet & Violet - Prismatic Evolutions Premium Figure Collection
90593734,Pokémon Trading Card Game: Scarlet & Violet— Paldean Fates Tech Sticker Collection Shiny Fidough
94724987,Pokémon Trading Card Game: Blooming Waters Premium Collection
94886127,Pokémon Trading Card Game: Mega Evolution Booster Display
90593716,Pokémon Trading Card Game: Scarlet & Violet— Paldean Fates Tech Sticker Collection Shiny Maschiff
88897899,Pokémon Trading Card Game: Scarlet & Violet 151 Elite Trainer Box
91619954,Pokémon Trading Card Game: Scarlet & Violet— Twilight Masquerade Booster Bundle
91600215,Pokémon Trading Card Game: Scarlet & Violet— Shrouded Fable Elite Trainer Box
92436710,Pokémon Trading Card Game: Scarlet & Violet - Shrouded Fable Booster Bundle
89432659,Pokémon Trading Card Game: Scarlet & Violet— Paldean Fates Elite Trainer Box
92276082,Pokémon Trading Card Game: Scarlet & Violet—Shrouded Fable Greninja ex Special Illustration Collection
93486336,Pokémon Scarlet Violet Surging Sparks Booster Box
91619955,Pokémon Trading Card Game: Scarlet & Violet— Twilight Masquerade Booster Box
94300074,Pokémon Trading Card Game: Scarlet & Violet— Journey Together Booster Bundle
94681760,Pokémon Trading Card Game: Scarlet & Violet Destined Rivals Booster Box
